Treatment,mean_anpp,base_anpp,perc_diff
Control,145.69438666666667,145.69438666666667,0.0
Drought,111.74755,145.69438666666667,-23.0
Irrigation,170.48875,145.69438666666667,17.0
