Treatment,mean_anpp,base_anpp,perc_diff
Control,148.2032457142857,148.2032457142857,0
Drought,111.74755,148.2032457142857,-25
Irrigation,170.48875,148.2032457142857,15
