year,mean_anpp
2012.0,110.3328909090909
2013.0,85.15069090909091
2014.0,74.46787272727272
2015.0,204.81575454545458
2016.0,237.06386363636366
