year,mean_anpp
2012.0,109.58114666666665
2013.0,88.04008
2014.0,77.39250666666666
2015.0,207.77034000000003
2016.0,239.33856666666668
