year,mean_anpp
2012,109.58114666666665
2013,88.04008
2014,77.39250666666666
2015,207.77034000000003
2016,239.33856666666668
