"","year","mean_anpp"
"1",2012,110.332890909091
"2",2013,85.1506909090909
"3",2014,74.4678727272727
"4",2015,185.455936363636
"5",2016,237.063863636364
