treatment,pvalues
drought,6.792658881138349e-4
irrigation,0.5514619837841606
