treatment,pvalues
drought,1.5196150430767599e-4
irrigation,0.5903454215155726
