Treatment,mean_vwc,base_vwc,perc_diff
Control,43.849046693346914,43.849046693346914,0.0
Drought,38.67144665024556,43.849046693346914,-12.0
Irrigation,51.97814666042178,43.849046693346914,19.0
