Treatment,mean_vwc,base_vwc,perc_diff
Control,40.21852688392043,40.21852688392043,0.0
Drought,35.304439403116305,40.21852688392043,-12.0
Irrigation,47.88149428560558,40.21852688392043,19.0
